{
  "id": "org.redmine.coudronapp",
  "title": "Redmine",
  "author": "Jean-Philippe Lang",
  "description": "file://DESCRIPTION.md",
  "changelog": "file://CHANGELOG",
  "postInstallMessage": "file://POSTINSTALL.md",
  "tagline": "Flexible project management",
  "version": "3.7.4",
  "upstreamVersion": "6.0.2",
  "healthCheckPath": "/",
  "httpPort": 3000,
  "optionalSso": true,
  "addons": {
    "oidc": {
      "loginRedirectUri": "/oauth2callback"
    },
    "localstorage": {},
    "mysql": {},
    "sendmail": {
      "supportsDisplayName": true
    }
  },
  "checklist": {
    "change-default-password": {
      "message": "Change the default admin password"
    }
  },
  "memoryLimit": 629145600,
  "manifestVersion": 2,
  "website": "https://redmine.org",
  "contactEmail": "support@cloudron.io",
  "icon": "file://logo.png",
  "tags": [
    "gantt",
    "git",
    "project",
    "project management",
    "wiki",
    "asana",
    "trello"
  ],
  "mediaLinks": [
    "https://screenshots.cloudron.io/org.redmine.coudronapp/redmine00.png",
    "https://screenshots.cloudron.io/org.redmine.coudronapp/redmine01.png",
    "https://screenshots.cloudron.io/org.redmine.coudronapp/redmine02.png",
    "https://screenshots.cloudron.io/org.redmine.coudronapp/redmine03.png"
  ],
  "forumUrl": "https://forum.cloudron.io/category/52/redmine",
  "minBoxVersion": "8.1.0",
  "documentationUrl": "https://docs.cloudron.io/apps/redmine/"
}
