{
  "id": "tech.ittools.cloudron",
  "title": "IT-Tools",
  "author": "Corentin Thomasset",
  "description": "file://DESCRIPTION.md",
  "tagline": "online tools for developers",
  "version": "1.6.1",
  "contactEmail": "support@cloudron.io",
  "upstreamVersion": "2024.10.22-7ca5933",
  "healthCheckPath": "/",
  "optionalSso": true,
  "httpPort": 80,
  "addons": {
    "proxyAuth": {}
  },
  "icon": "logo.png",
  "manifestVersion": 2,
  "tags": [
    "tools",
    "development",
    "productivity",
    "converter",
    "automation",
    "nocode",
    "devops"
  ],
  "changelog": "file://CHANGELOG.md",
  "website": "https://it-tools.tech",
  "mediaLinks": [
    "https://screenshots.cloudron.io/tech.ittools.cloudron/qrcode-generator.png",
    "https://screenshots.cloudron.io/tech.ittools.cloudron/network-tools.png",
    "https://screenshots.cloudron.io/tech.ittools.cloudron/token-generator.png"
  ],
  "minBoxVersion": "7.3.0",
  "forumUrl": "https://forum.cloudron.io/category/165/it-tools",
  "documentationUrl": "https://docs.cloudron.io/apps/it-tools/"
}
