{
  "id": "com.gitlab.nulide.findmydeviceserver.cloudronapp",
  "version": "0.1.0",
  "upstreamVersion": "0.8.0",
  "title": "FindMyDeviceServer",
  "author": "FindMyDeviceServer Project",
  "tagline": "For android.",
  "description": "file://DESCRIPTION.md",
  "minBoxVersion": "7.1.2",
  "forumUrl": "https://forum.cloudron.io/category/199/findmydevice",
  "documentationUrl": "https://docs.cloudron.io/apps/findmydevice",
  "healthCheckPath": "/",
  "website": "https://gitlab.com/Nulide/findmydeviceserver",
  "contactEmail": "support@cloudron.io",
  "httpPort": 8080,
  "addons": {
    "localstorage": {}
  },
  "tags": [
    "privacy",
    "FindMyDevice",
    "android"
  ],
  "manifestVersion": 2,
  "mediaLinks": [
    "https://screenshots.cloudron.io/com.gitlab.nulide.findmydeviceserver.cloudronapp/fmd-logged-in.png",
    "https://screenshots.cloudron.io/com.gitlab.nulide.findmydeviceserver.cloudronapp/fmd-login.png"
  ],
  "icon": "file://logo.png",
  "changelog": "file://CHANGELOG"
}
