{
  "id": "app.twofauth.cloudronapp",
  "title": "2FAuth",
  "author": "Bubka",
  "description": "file://DESCRIPTION.md",
  "changelog": "file://CHANGELOG.md",
  "tagline": "Two-Factor Authentication (2FA)",
  "version": "1.4.3",
  "upstreamVersion": "5.4.3",
  "healthCheckPath": "/",
  "httpPort": 8000,
  "addons": {
    "localstorage": {},
    "redis": {
      "noPassword": true
    },
    "mysql": {},
    "oidc": {
      "loginRedirectUri": "/socialite/callback/openid"
    },
    "sendmail": {
      "supportsDisplayName": true
    }
  },
  "checklist": {
    "change-default-site-owner": {
      "message": "Change `SITE_OWNER` in `/app/data/env`"
    }
  },
  "optionalSso": true,
  "manifestVersion": 2,
  "website": "https://github.com/Bubka/2FAuth",
  "contactEmail": "support@cloudron.io",
  "mediaLinks": [
    "https://screenshots.cloudron.io/app.twofauth.cloudronapp/dark.png",
    "https://screenshots.cloudron.io/app.twofauth.cloudronapp/light.png"
  ],
  "icon": "logo.png",
  "tags": [
    "2FA",
    "Two-Factor Authentication"
  ],
  "postInstallMessage": "file://POSTINSTALL.md",
  "minBoxVersion": "8.1.0",
  "forumUrl": "https://forum.cloudron.io/category/184/2fauth",
  "documentationUrl": "https://docs.cloudron.io/apps/2fauth/"
}
