{
  "id": "com.docker.registry",
  "version": "1.11.5",
  "upstreamVersion": "Distribution 2.8.3 (registry UI 2.5.7)",
  "author": "Docker Developers",
  "title": "Cloudron Container Registry",
  "tagline": "Docker toolset to pack, ship, store, and deliver content",
  "contactEmail": "support@cloudron.io",
  "healthCheckPath": "/v2",
  "httpPort": 8000,
  "description": "file://DESCRIPTION.md",
  "changelog": "file://CHANGELOG.md",
  "website": "https://github.com/docker/distribution",
  "contactEmail": "support@cloudron.io",
  "icon": "logo.png",
  "addons": {
    "localstorage": {},
    "redis": {},
    "proxyAuth": {
      "basicAuth": true
    },
    "scheduler": {
      "garbage_collect": {
        "schedule": "0 0 * * *",
        "command": "/usr/local/bin/gosu cloudron:cloudron /app/code/registry garbage-collect /app/data/config.yml"
      }
    }
  },
  "minBoxVersion": "7.1.0",
  "tags": [ "docker", "registry", "harbor", "devtools" ],
  "manifestVersion": 2,
  "mediaLinks": [
    "https://screenshots.cloudron.io/com.docker.registry/1.png",
    "https://screenshots.cloudron.io/com.docker.registry/2.png",
    "https://screenshots.cloudron.io/com.docker.registry/3.png"
  ],
  "forumUrl": "https://forum.cloudron.io/category/119/docker-registry",
  "documentationUrl": "https://docs.cloudron.io/apps/docker-registry/",
  "optionalSso": true
}

