{
  "id": "org.easyappointments.cloudronapp",
  "version": "1.5.1",
  "upstreamVersion": "1.5.1",
  "title": "Easy!Appointments",
  "tagline": "Appointment Scheduler",
  "website": "https://easyappointments.org",
  "author": "Easy!Appointments developers",
  "contactEmail": "support@cloudron.io",
  "icon": "file://logo.png",
  "description": "file://DESCRIPTION.md",
  "postInstallMessage": "file://POSTINSTALL.md",
  "changelog": "file://CHANGELOG",
  "tags": [
    "appointments",
    "organize",
    "scheduler"
  ],
  "mediaLinks": [
    "https://screenshots.cloudron.io/org.easyappointments.cloudronapp/easyappointments-01.png"
  ],
  "healthCheckPath": "/",
  "configurePath": "/index.php/backend",
  "httpPort": 8000,
  "addons": {
    "localstorage": {},
    "mysql": {},
    "sendmail": {
      "supportsDisplayName": true
    },
    "scheduler": {
      "sync": {
        "schedule": "*/5 * * * *",
        "command": "/app/pkg/cron.sh"
      }
    }
  },
  "documentationUrl": "https://docs.cloudron.io/apps/easyappointments",
  "minBoxVersion": "7.1.0",
  "forumUrl": "https://forum.cloudron.io/category/123/easy-appointments",
  "manifestVersion": 2
}
